customer_code,customer,average_discount_percentage
90012035,Notebillig,0.30560000
80006155,Novus,0.29765000
90022076,"Circuit City",0.28810000
90017049,"Premium Stores",0.28197500
90002003,Ezone,0.28195000
